nodeId,hierarchyPath,componentType,status,lineNo,pipingClass,missing,conflicts,diagnostics
"/ASIM-1885-6""-S8811951-91261M7-HC-01/B2","/ASIM-1885-6""-S8811951-91261M7-HC-01/B2","BRANCH","missing","","","lineNo|pipingClass","","diag-ASIM-1885-6--S8811951-91261M7-HC-01-B2-lineNo|diag-ASIM-1885-6--S8811951-91261M7-HC-01-B2-pipingClass"
"/ASIM-1885-6""-S8811951-91261M7-HC-01/B2/ELBO =1006649732/51228","/ASIM-1885-6""-S8811951-91261M7-HC-01/B2/ELBO =1006649732/51228","ELBO","missing","","","lineNo|pipingClass|fluidDensityOpeKgM3","","diag-ASIM-1885-6--S8811951-91261M7-HC-01-B2-ELBO-1006649732-51228-lineNo|diag-ASIM-1885-6--S8811951-91261M7-HC-01-B2-ELBO-1006649732-51228-pipingClass|diag-ASIM-1885-6--S8811951-91261M7-HC-01-B2-ELBO-1006649732-51228-fluidDensityOpeKgM3"
"/ASIM-1885-6""-S8811951-91261M7-HC-01/B2/PIPE AUTO /ASIM-1885-6""-S8811951-91261M7-HC-01/B2 1","/ASIM-1885-6""-S8811951-91261M7-HC-01/B2/PIPE AUTO /ASIM-1885-6""-S8811951-91261M7-HC-01/B2 1","PIPE","missing","","","lineNo|pipingClass|fluidDensityOpeKgM3","","diag-ASIM-1885-6--S8811951-91261M7-HC-01-B2-PIPE-AUTO-ASIM-1885-6--S8811951-91261M7-HC-01-B2-1-lineNo|diag-ASIM-1885-6--S8811951-91261M7-HC-01-B2-PIPE-AUTO-ASIM-1885-6--S8811951-91261M7-HC-01-B2-1-pipingClass|diag-ASIM-1885-6--S8811951-91261M7-HC-01-B2-PIPE-AUTO-ASIM-1885-6--S8811951-91261M7-HC-01-B2-1-fluidDensityOpeKgM3"
"/ASIM-1885-6""-S8811951-91261M7-HC-01/B2/OLET =1006649732/51229","/ASIM-1885-6""-S8811951-91261M7-HC-01/B2/OLET =1006649732/51229","OLET","missing","","","lineNo|pipingClass","","diag-ASIM-1885-6--S8811951-91261M7-HC-01-B2-OLET-1006649732-51229-lineNo|diag-ASIM-1885-6--S8811951-91261M7-HC-01-B2-OLET-1006649732-51229-pipingClass"
"/ASIM-1885-6""-S8811951-91261M7-HC-01/B2/PIPE AUTO /ASIM-1885-6""-S8811951-91261M7-HC-01/B2 2","/ASIM-1885-6""-S8811951-91261M7-HC-01/B2/PIPE AUTO /ASIM-1885-6""-S8811951-91261M7-HC-01/B2 2","PIPE","missing","","","lineNo|pipingClass|fluidDensityOpeKgM3","","diag-ASIM-1885-6--S8811951-91261M7-HC-01-B2-PIPE-AUTO-ASIM-1885-6--S8811951-91261M7-HC-01-B2-2-lineNo|diag-ASIM-1885-6--S8811951-91261M7-HC-01-B2-PIPE-AUTO-ASIM-1885-6--S8811951-91261M7-HC-01-B2-2-pipingClass|diag-ASIM-1885-6--S8811951-91261M7-HC-01-B2-PIPE-AUTO-ASIM-1885-6--S8811951-91261M7-HC-01-B2-2-fluidDensityOpeKgM3"
"/ASIM-1885-6""-S8811951-91261M7-HC-01/B2/OLET =1006649732/51233","/ASIM-1885-6""-S8811951-91261M7-HC-01/B2/OLET =1006649732/51233","OLET","missing","","","lineNo|pipingClass","","diag-ASIM-1885-6--S8811951-91261M7-HC-01-B2-OLET-1006649732-51233-lineNo|diag-ASIM-1885-6--S8811951-91261M7-HC-01-B2-OLET-1006649732-51233-pipingClass"
"/ASIM-1885-6""-S8811951-91261M7-HC-01/B2/PIPE AUTO /ASIM-1885-6""-S8811951-91261M7-HC-01/B2 3","/ASIM-1885-6""-S8811951-91261M7-HC-01/B2/PIPE AUTO /ASIM-1885-6""-S8811951-91261M7-HC-01/B2 3","PIPE","missing","","","lineNo|pipingClass|fluidDensityOpeKgM3","","diag-ASIM-1885-6--S8811951-91261M7-HC-01-B2-PIPE-AUTO-ASIM-1885-6--S8811951-91261M7-HC-01-B2-3-lineNo|diag-ASIM-1885-6--S8811951-91261M7-HC-01-B2-PIPE-AUTO-ASIM-1885-6--S8811951-91261M7-HC-01-B2-3-pipingClass|diag-ASIM-1885-6--S8811951-91261M7-HC-01-B2-PIPE-AUTO-ASIM-1885-6--S8811951-91261M7-HC-01-B2-3-fluidDensityOpeKgM3"
"/ASIM-1885-6""-S8811951-91261M7-HC-01/B2/FLAN =1006649732/51234","/ASIM-1885-6""-S8811951-91261M7-HC-01/B2/FLAN =1006649732/51234","FLAN","missing","","","lineNo|pipingClass","","diag-ASIM-1885-6--S8811951-91261M7-HC-01-B2-FLAN-1006649732-51234-lineNo|diag-ASIM-1885-6--S8811951-91261M7-HC-01-B2-FLAN-1006649732-51234-pipingClass"
"/ASIM-1885-6""-S8811951-91261M7-HC-01/B2/GASK =1006649732/51235","/ASIM-1885-6""-S8811951-91261M7-HC-01/B2/GASK =1006649732/51235","GASK","missing","","","lineNo|pipingClass","","diag-ASIM-1885-6--S8811951-91261M7-HC-01-B2-GASK-1006649732-51235-lineNo|diag-ASIM-1885-6--S8811951-91261M7-HC-01-B2-GASK-1006649732-51235-pipingClass"
"/ASIM-1885-6""-S8811951-91261M7-HC-01/B2/VALV /88-VGT-25050","/ASIM-1885-6""-S8811951-91261M7-HC-01/B2/VALV /88-VGT-25050","VALV","missing","","","lineNo|pipingClass","","diag-ASIM-1885-6--S8811951-91261M7-HC-01-B2-VALV-88-VGT-25050-lineNo|diag-ASIM-1885-6--S8811951-91261M7-HC-01-B2-VALV-88-VGT-25050-pipingClass"
"/ASIM-1885-6""-S8811951-91261M7-HC-01/B2/GASK =1006649732/51237","/ASIM-1885-6""-S8811951-91261M7-HC-01/B2/GASK =1006649732/51237","GASK","missing","","","lineNo|pipingClass","","diag-ASIM-1885-6--S8811951-91261M7-HC-01-B2-GASK-1006649732-51237-lineNo|diag-ASIM-1885-6--S8811951-91261M7-HC-01-B2-GASK-1006649732-51237-pipingClass"
"/ASIM-1885-6""-S8811951-91261M7-HC-01/B2/FLAN =1006649732/51238","/ASIM-1885-6""-S8811951-91261M7-HC-01/B2/FLAN =1006649732/51238","FLAN","missing","","","lineNo|pipingClass","","diag-ASIM-1885-6--S8811951-91261M7-HC-01-B2-FLAN-1006649732-51238-lineNo|diag-ASIM-1885-6--S8811951-91261M7-HC-01-B2-FLAN-1006649732-51238-pipingClass"
"/ASIM-1885-6""-S8811951-91261M7-HC-01/B2/PIPE AUTO /ASIM-1885-6""-S8811951-91261M7-HC-01/B2 4","/ASIM-1885-6""-S8811951-91261M7-HC-01/B2/PIPE AUTO /ASIM-1885-6""-S8811951-91261M7-HC-01/B2 4","PIPE","missing","","","lineNo|pipingClass|fluidDensityOpeKgM3","","diag-ASIM-1885-6--S8811951-91261M7-HC-01-B2-PIPE-AUTO-ASIM-1885-6--S8811951-91261M7-HC-01-B2-4-lineNo|diag-ASIM-1885-6--S8811951-91261M7-HC-01-B2-PIPE-AUTO-ASIM-1885-6--S8811951-91261M7-HC-01-B2-4-pipingClass|diag-ASIM-1885-6--S8811951-91261M7-HC-01-B2-PIPE-AUTO-ASIM-1885-6--S8811951-91261M7-HC-01-B2-4-fluidDensityOpeKgM3"
"/ASIM-1885-6""-S8811951-91261M7-HC-01/B2/OLET =1006649732/51239","/ASIM-1885-6""-S8811951-91261M7-HC-01/B2/OLET =1006649732/51239","OLET","missing","","","lineNo|pipingClass","","diag-ASIM-1885-6--S8811951-91261M7-HC-01-B2-OLET-1006649732-51239-lineNo|diag-ASIM-1885-6--S8811951-91261M7-HC-01-B2-OLET-1006649732-51239-pipingClass"
"/ASIM-1885-6""-S8811951-91261M7-HC-01/B2/PIPE AUTO /ASIM-1885-6""-S8811951-91261M7-HC-01/B2 5","/ASIM-1885-6""-S8811951-91261M7-HC-01/B2/PIPE AUTO /ASIM-1885-6""-S8811951-91261M7-HC-01/B2 5","PIPE","missing","","","lineNo|pipingClass|fluidDensityOpeKgM3","","diag-ASIM-1885-6--S8811951-91261M7-HC-01-B2-PIPE-AUTO-ASIM-1885-6--S8811951-91261M7-HC-01-B2-5-lineNo|diag-ASIM-1885-6--S8811951-91261M7-HC-01-B2-PIPE-AUTO-ASIM-1885-6--S8811951-91261M7-HC-01-B2-5-pipingClass|diag-ASIM-1885-6--S8811951-91261M7-HC-01-B2-PIPE-AUTO-ASIM-1885-6--S8811951-91261M7-HC-01-B2-5-fluidDensityOpeKgM3"
"/ASIM-1885-6""-S8811951-91261M7-HC-01/B2/OLET =1006649732/51244","/ASIM-1885-6""-S8811951-91261M7-HC-01/B2/OLET =1006649732/51244","OLET","missing","","","lineNo|pipingClass","","diag-ASIM-1885-6--S8811951-91261M7-HC-01-B2-OLET-1006649732-51244-lineNo|diag-ASIM-1885-6--S8811951-91261M7-HC-01-B2-OLET-1006649732-51244-pipingClass"
"/ASIM-1885-6""-S8811951-91261M7-HC-01/B2/PIPE AUTO /ASIM-1885-6""-S8811951-91261M7-HC-01/B2 6","/ASIM-1885-6""-S8811951-91261M7-HC-01/B2/PIPE AUTO /ASIM-1885-6""-S8811951-91261M7-HC-01/B2 6","PIPE","missing","","","lineNo|pipingClass|fluidDensityOpeKgM3","","diag-ASIM-1885-6--S8811951-91261M7-HC-01-B2-PIPE-AUTO-ASIM-1885-6--S8811951-91261M7-HC-01-B2-6-lineNo|diag-ASIM-1885-6--S8811951-91261M7-HC-01-B2-PIPE-AUTO-ASIM-1885-6--S8811951-91261M7-HC-01-B2-6-pipingClass|diag-ASIM-1885-6--S8811951-91261M7-HC-01-B2-PIPE-AUTO-ASIM-1885-6--S8811951-91261M7-HC-01-B2-6-fluidDensityOpeKgM3"
"/ASIM-1885-6""-S8811951-91261M7-HC-01/B2/FLAN =1006649732/51248","/ASIM-1885-6""-S8811951-91261M7-HC-01/B2/FLAN =1006649732/51248","FLAN","missing","","","lineNo|pipingClass","","diag-ASIM-1885-6--S8811951-91261M7-HC-01-B2-FLAN-1006649732-51248-lineNo|diag-ASIM-1885-6--S8811951-91261M7-HC-01-B2-FLAN-1006649732-51248-pipingClass"
"/ASIM-1885-6""-S8811951-91261M7-HC-01/B2/GASK =1006649732/51249","/ASIM-1885-6""-S8811951-91261M7-HC-01/B2/GASK =1006649732/51249","GASK","missing","","","lineNo|pipingClass","","diag-ASIM-1885-6--S8811951-91261M7-HC-01-B2-GASK-1006649732-51249-lineNo|diag-ASIM-1885-6--S8811951-91261M7-HC-01-B2-GASK-1006649732-51249-pipingClass"
"/ASIM-1885-6""-S8811951-91261M7-HC-01/B2/PIPE AUTO /ASIM-1885-6""-S8811951-91261M7-HC-01/B2 7","/ASIM-1885-6""-S8811951-91261M7-HC-01/B2/PIPE AUTO /ASIM-1885-6""-S8811951-91261M7-HC-01/B2 7","PIPE","missing","","","lineNo|pipingClass|fluidDensityOpeKgM3","","diag-ASIM-1885-6--S8811951-91261M7-HC-01-B2-PIPE-AUTO-ASIM-1885-6--S8811951-91261M7-HC-01-B2-7-lineNo|diag-ASIM-1885-6--S8811951-91261M7-HC-01-B2-PIPE-AUTO-ASIM-1885-6--S8811951-91261M7-HC-01-B2-7-pipingClass|diag-ASIM-1885-6--S8811951-91261M7-HC-01-B2-PIPE-AUTO-ASIM-1885-6--S8811951-91261M7-HC-01-B2-7-fluidDensityOpeKgM3"
"/ASIM-1885-6""-S8811951-91261M7-HC-01/B2/INST /88-UZV-11951","/ASIM-1885-6""-S8811951-91261M7-HC-01/B2/INST /88-UZV-11951","INST","missing","","","lineNo|pipingClass","","diag-ASIM-1885-6--S8811951-91261M7-HC-01-B2-INST-88-UZV-11951-lineNo|diag-ASIM-1885-6--S8811951-91261M7-HC-01-B2-INST-88-UZV-11951-pipingClass"
"/ASIM-1885-6""-S8811951-91261M7-HC-01/B2/GASK =1006649732/51255","/ASIM-1885-6""-S8811951-91261M7-HC-01/B2/GASK =1006649732/51255","GASK","missing","","","lineNo|pipingClass","","diag-ASIM-1885-6--S8811951-91261M7-HC-01-B2-GASK-1006649732-51255-lineNo|diag-ASIM-1885-6--S8811951-91261M7-HC-01-B2-GASK-1006649732-51255-pipingClass"
"/ASIM-1885-6""-S8811951-91261M7-HC-01/B2/FLAN =1006649732/51256","/ASIM-1885-6""-S8811951-91261M7-HC-01/B2/FLAN =1006649732/51256","FLAN","missing","","","lineNo|pipingClass","","diag-ASIM-1885-6--S8811951-91261M7-HC-01-B2-FLAN-1006649732-51256-lineNo|diag-ASIM-1885-6--S8811951-91261M7-HC-01-B2-FLAN-1006649732-51256-pipingClass"
"/ASIM-1885-6""-S8811951-91261M7-HC-01/B2/PIPE AUTO /ASIM-1885-6""-S8811951-91261M7-HC-01/B2 8","/ASIM-1885-6""-S8811951-91261M7-HC-01/B2/PIPE AUTO /ASIM-1885-6""-S8811951-91261M7-HC-01/B2 8","PIPE","missing","","","lineNo|pipingClass|fluidDensityOpeKgM3","","diag-ASIM-1885-6--S8811951-91261M7-HC-01-B2-PIPE-AUTO-ASIM-1885-6--S8811951-91261M7-HC-01-B2-8-lineNo|diag-ASIM-1885-6--S8811951-91261M7-HC-01-B2-PIPE-AUTO-ASIM-1885-6--S8811951-91261M7-HC-01-B2-8-pipingClass|diag-ASIM-1885-6--S8811951-91261M7-HC-01-B2-PIPE-AUTO-ASIM-1885-6--S8811951-91261M7-HC-01-B2-8-fluidDensityOpeKgM3"
"/ASIM-1885-6""-S8811951-91261M7-HC-01/B2/FLAN =1006649732/51263","/ASIM-1885-6""-S8811951-91261M7-HC-01/B2/FLAN =1006649732/51263","FLAN","missing","","","lineNo|pipingClass","","diag-ASIM-1885-6--S8811951-91261M7-HC-01-B2-FLAN-1006649732-51263-lineNo|diag-ASIM-1885-6--S8811951-91261M7-HC-01-B2-FLAN-1006649732-51263-pipingClass"
"/ASIM-1885-6""-S8811951-91261M7-HC-01/B2/GASK =1006649732/51264","/ASIM-1885-6""-S8811951-91261M7-HC-01/B2/GASK =1006649732/51264","GASK","missing","","","lineNo|pipingClass","","diag-ASIM-1885-6--S8811951-91261M7-HC-01-B2-GASK-1006649732-51264-lineNo|diag-ASIM-1885-6--S8811951-91261M7-HC-01-B2-GASK-1006649732-51264-pipingClass"
"/ASIM-1885-6""-S8811951-91261M7-HC-01/B2/PIPE AUTO /ASIM-1885-6""-S8811951-91261M7-HC-01/B2 9","/ASIM-1885-6""-S8811951-91261M7-HC-01/B2/PIPE AUTO /ASIM-1885-6""-S8811951-91261M7-HC-01/B2 9","PIPE","missing","","","lineNo|pipingClass|fluidDensityOpeKgM3","","diag-ASIM-1885-6--S8811951-91261M7-HC-01-B2-PIPE-AUTO-ASIM-1885-6--S8811951-91261M7-HC-01-B2-9-lineNo|diag-ASIM-1885-6--S8811951-91261M7-HC-01-B2-PIPE-AUTO-ASIM-1885-6--S8811951-91261M7-HC-01-B2-9-pipingClass|diag-ASIM-1885-6--S8811951-91261M7-HC-01-B2-PIPE-AUTO-ASIM-1885-6--S8811951-91261M7-HC-01-B2-9-fluidDensityOpeKgM3"
"/ASIM-1885-6""-S8811951-91261M7-HC-01/B2/GASK =1006649732/51266","/ASIM-1885-6""-S8811951-91261M7-HC-01/B2/GASK =1006649732/51266","GASK","missing","","","lineNo|pipingClass","","diag-ASIM-1885-6--S8811951-91261M7-HC-01-B2-GASK-1006649732-51266-lineNo|diag-ASIM-1885-6--S8811951-91261M7-HC-01-B2-GASK-1006649732-51266-pipingClass"
"/ASIM-1885-6""-S8811951-91261M7-HC-01/B2/FLAN =1006649732/51267","/ASIM-1885-6""-S8811951-91261M7-HC-01/B2/FLAN =1006649732/51267","FLAN","missing","","","lineNo|pipingClass","","diag-ASIM-1885-6--S8811951-91261M7-HC-01-B2-FLAN-1006649732-51267-lineNo|diag-ASIM-1885-6--S8811951-91261M7-HC-01-B2-FLAN-1006649732-51267-pipingClass"
"/ASIM-1885-6""-S8811951-91261M7-HC-01/B2/REDU =1006649732/51268","/ASIM-1885-6""-S8811951-91261M7-HC-01/B2/REDU =1006649732/51268","REDU","missing","","","lineNo|pipingClass|fluidDensityOpeKgM3","","diag-ASIM-1885-6--S8811951-91261M7-HC-01-B2-REDU-1006649732-51268-lineNo|diag-ASIM-1885-6--S8811951-91261M7-HC-01-B2-REDU-1006649732-51268-pipingClass|diag-ASIM-1885-6--S8811951-91261M7-HC-01-B2-REDU-1006649732-51268-fluidDensityOpeKgM3"
"/ASIM-1885-6""-S8811951-91261M7-HC-01/B2/PIPE AUTO /ASIM-1885-6""-S8811951-91261M7-HC-01/B2 10","/ASIM-1885-6""-S8811951-91261M7-HC-01/B2/PIPE AUTO /ASIM-1885-6""-S8811951-91261M7-HC-01/B2 10","PIPE","missing","","","lineNo|pipingClass|fluidDensityOpeKgM3","","diag-ASIM-1885-6--S8811951-91261M7-HC-01-B2-PIPE-AUTO-ASIM-1885-6--S8811951-91261M7-HC-01-B2-10-lineNo|diag-ASIM-1885-6--S8811951-91261M7-HC-01-B2-PIPE-AUTO-ASIM-1885-6--S8811951-91261M7-HC-01-B2-10-pipingClass|diag-ASIM-1885-6--S8811951-91261M7-HC-01-B2-PIPE-AUTO-ASIM-1885-6--S8811951-91261M7-HC-01-B2-10-fluidDensityOpeKgM3"
"/ASIM-1885-6""-S8811951-91261M7-HC-01/B2/FLAN =1006649732/51272","/ASIM-1885-6""-S8811951-91261M7-HC-01/B2/FLAN =1006649732/51272","FLAN","missing","","","lineNo|pipingClass","","diag-ASIM-1885-6--S8811951-91261M7-HC-01-B2-FLAN-1006649732-51272-lineNo|diag-ASIM-1885-6--S8811951-91261M7-HC-01-B2-FLAN-1006649732-51272-pipingClass"
"/ASIM-1885-6""-S8811951-91261M7-HC-01/B2/GASK =1006649732/51273","/ASIM-1885-6""-S8811951-91261M7-HC-01/B2/GASK =1006649732/51273","GASK","missing","","","lineNo|pipingClass","","diag-ASIM-1885-6--S8811951-91261M7-HC-01-B2-GASK-1006649732-51273-lineNo|diag-ASIM-1885-6--S8811951-91261M7-HC-01-B2-GASK-1006649732-51273-pipingClass"
"/ASIM-1885-6""-S8811951-91261M7-HC-01/B2/PIPE AUTO /ASIM-1885-6""-S8811951-91261M7-HC-01/B2 11","/ASIM-1885-6""-S8811951-91261M7-HC-01/B2/PIPE AUTO /ASIM-1885-6""-S8811951-91261M7-HC-01/B2 11","PIPE","missing","","","lineNo|pipingClass|fluidDensityOpeKgM3","","diag-ASIM-1885-6--S8811951-91261M7-HC-01-B2-PIPE-AUTO-ASIM-1885-6--S8811951-91261M7-HC-01-B2-11-lineNo|diag-ASIM-1885-6--S8811951-91261M7-HC-01-B2-PIPE-AUTO-ASIM-1885-6--S8811951-91261M7-HC-01-B2-11-pipingClass|diag-ASIM-1885-6--S8811951-91261M7-HC-01-B2-PIPE-AUTO-ASIM-1885-6--S8811951-91261M7-HC-01-B2-11-fluidDensityOpeKgM3"
"/ASIM-1885-6""-S8811951-91261M7-HC-01/B2/INST /88-FI-11360","/ASIM-1885-6""-S8811951-91261M7-HC-01/B2/INST /88-FI-11360","INST","missing","","","lineNo|pipingClass","","diag-ASIM-1885-6--S8811951-91261M7-HC-01-B2-INST-88-FI-11360-lineNo|diag-ASIM-1885-6--S8811951-91261M7-HC-01-B2-INST-88-FI-11360-pipingClass"
"/ASIM-1885-6""-S8811951-91261M7-HC-01/B2/GASK =1006649732/51276","/ASIM-1885-6""-S8811951-91261M7-HC-01/B2/GASK =1006649732/51276","GASK","missing","","","lineNo|pipingClass","","diag-ASIM-1885-6--S8811951-91261M7-HC-01-B2-GASK-1006649732-51276-lineNo|diag-ASIM-1885-6--S8811951-91261M7-HC-01-B2-GASK-1006649732-51276-pipingClass"
"/ASIM-1885-6""-S8811951-91261M7-HC-01/B2/FLAN =1006649732/51277","/ASIM-1885-6""-S8811951-91261M7-HC-01/B2/FLAN =1006649732/51277","FLAN","missing","","","lineNo|pipingClass","","diag-ASIM-1885-6--S8811951-91261M7-HC-01-B2-FLAN-1006649732-51277-lineNo|diag-ASIM-1885-6--S8811951-91261M7-HC-01-B2-FLAN-1006649732-51277-pipingClass"
"/ASIM-1885-6""-S8811951-91261M7-HC-01/B2/PIPE AUTO /ASIM-1885-6""-S8811951-91261M7-HC-01/B2 12","/ASIM-1885-6""-S8811951-91261M7-HC-01/B2/PIPE AUTO /ASIM-1885-6""-S8811951-91261M7-HC-01/B2 12","PIPE","missing","","","lineNo|pipingClass|fluidDensityOpeKgM3","","diag-ASIM-1885-6--S8811951-91261M7-HC-01-B2-PIPE-AUTO-ASIM-1885-6--S8811951-91261M7-HC-01-B2-12-lineNo|diag-ASIM-1885-6--S8811951-91261M7-HC-01-B2-PIPE-AUTO-ASIM-1885-6--S8811951-91261M7-HC-01-B2-12-pipingClass|diag-ASIM-1885-6--S8811951-91261M7-HC-01-B2-PIPE-AUTO-ASIM-1885-6--S8811951-91261M7-HC-01-B2-12-fluidDensityOpeKgM3"
"/ASIM-1885-6""-S8811951-91261M7-HC-01/B2/REDU =1006649732/51281","/ASIM-1885-6""-S8811951-91261M7-HC-01/B2/REDU =1006649732/51281","REDU","missing","","","lineNo|pipingClass|fluidDensityOpeKgM3","","diag-ASIM-1885-6--S8811951-91261M7-HC-01-B2-REDU-1006649732-51281-lineNo|diag-ASIM-1885-6--S8811951-91261M7-HC-01-B2-REDU-1006649732-51281-pipingClass|diag-ASIM-1885-6--S8811951-91261M7-HC-01-B2-REDU-1006649732-51281-fluidDensityOpeKgM3"
"/ASIM-1885-6""-S8811951-91261M7-HC-01/B2/FLAN =1006649732/51282","/ASIM-1885-6""-S8811951-91261M7-HC-01/B2/FLAN =1006649732/51282","FLAN","missing","","","lineNo|pipingClass","","diag-ASIM-1885-6--S8811951-91261M7-HC-01-B2-FLAN-1006649732-51282-lineNo|diag-ASIM-1885-6--S8811951-91261M7-HC-01-B2-FLAN-1006649732-51282-pipingClass"
"/ASIM-1885-6""-S8811951-91261M7-HC-01/B2/GASK =1006649732/51283","/ASIM-1885-6""-S8811951-91261M7-HC-01/B2/GASK =1006649732/51283","GASK","missing","","","lineNo|pipingClass","","diag-ASIM-1885-6--S8811951-91261M7-HC-01-B2-GASK-1006649732-51283-lineNo|diag-ASIM-1885-6--S8811951-91261M7-HC-01-B2-GASK-1006649732-51283-pipingClass"
"/ASIM-1885-6""-S8811951-91261M7-HC-01/B2/INST /88-HCV-11067","/ASIM-1885-6""-S8811951-91261M7-HC-01/B2/INST /88-HCV-11067","INST","missing","","","lineNo|pipingClass","","diag-ASIM-1885-6--S8811951-91261M7-HC-01-B2-INST-88-HCV-11067-lineNo|diag-ASIM-1885-6--S8811951-91261M7-HC-01-B2-INST-88-HCV-11067-pipingClass"
"/ASIM-1885-6""-S8811951-91261M7-HC-01/B2/PIPE AUTO /ASIM-1885-6""-S8811951-91261M7-HC-01/B2 TAIL","/ASIM-1885-6""-S8811951-91261M7-HC-01/B2/PIPE AUTO /ASIM-1885-6""-S8811951-91261M7-HC-01/B2 TAIL","PIPE","missing","","","lineNo|pipingClass|fluidDensityOpeKgM3","","diag-ASIM-1885-6--S8811951-91261M7-HC-01-B2-PIPE-AUTO-ASIM-1885-6--S8811951-91261M7-HC-01-B2-TAIL-lineNo|diag-ASIM-1885-6--S8811951-91261M7-HC-01-B2-PIPE-AUTO-ASIM-1885-6--S8811951-91261M7-HC-01-B2-TAIL-pipingClass|diag-ASIM-1885-6--S8811951-91261M7-HC-01-B2-PIPE-AUTO-ASIM-1885-6--S8811951-91261M7-HC-01-B2-TAIL-fluidDensityOpeKgM3"
"/ASIM-1885-6""-S8811951-91261M7-HC-01/B7","/ASIM-1885-6""-S8811951-91261M7-HC-01/B7","BRANCH","missing","","","lineNo|pipingClass","","diag-ASIM-1885-6--S8811951-91261M7-HC-01-B7-lineNo|diag-ASIM-1885-6--S8811951-91261M7-HC-01-B7-pipingClass"
"/ASIM-1885-6""-S8811951-91261M7-HC-01/B7/GASK =1006649732/51343","/ASIM-1885-6""-S8811951-91261M7-HC-01/B7/GASK =1006649732/51343","GASK","missing","","","lineNo|pipingClass","","diag-ASIM-1885-6--S8811951-91261M7-HC-01-B7-GASK-1006649732-51343-lineNo|diag-ASIM-1885-6--S8811951-91261M7-HC-01-B7-GASK-1006649732-51343-pipingClass"
"/ASIM-1885-6""-S8811951-91261M7-HC-01/B7/FLAN =1006649732/51344","/ASIM-1885-6""-S8811951-91261M7-HC-01/B7/FLAN =1006649732/51344","FLAN","missing","","","lineNo|pipingClass","","diag-ASIM-1885-6--S8811951-91261M7-HC-01-B7-FLAN-1006649732-51344-lineNo|diag-ASIM-1885-6--S8811951-91261M7-HC-01-B7-FLAN-1006649732-51344-pipingClass"
"/ASIM-1885-6""-S8811951-91261M7-HC-01/B7/PIPE AUTO /ASIM-1885-6""-S8811951-91261M7-HC-01/B7 1","/ASIM-1885-6""-S8811951-91261M7-HC-01/B7/PIPE AUTO /ASIM-1885-6""-S8811951-91261M7-HC-01/B7 1","PIPE","missing","","","lineNo|pipingClass|fluidDensityOpeKgM3","","diag-ASIM-1885-6--S8811951-91261M7-HC-01-B7-PIPE-AUTO-ASIM-1885-6--S8811951-91261M7-HC-01-B7-1-lineNo|diag-ASIM-1885-6--S8811951-91261M7-HC-01-B7-PIPE-AUTO-ASIM-1885-6--S8811951-91261M7-HC-01-B7-1-pipingClass|diag-ASIM-1885-6--S8811951-91261M7-HC-01-B7-PIPE-AUTO-ASIM-1885-6--S8811951-91261M7-HC-01-B7-1-fluidDensityOpeKgM3"
"/ASIM-1885-6""-S8811951-91261M7-HC-01/B7/OLET =1006649732/51350","/ASIM-1885-6""-S8811951-91261M7-HC-01/B7/OLET =1006649732/51350","OLET","missing","","","lineNo|pipingClass","","diag-ASIM-1885-6--S8811951-91261M7-HC-01-B7-OLET-1006649732-51350-lineNo|diag-ASIM-1885-6--S8811951-91261M7-HC-01-B7-OLET-1006649732-51350-pipingClass"
"/ASIM-1885-6""-S8811951-91261M7-HC-01/B7/PIPE AUTO /ASIM-1885-6""-S8811951-91261M7-HC-01/B7 2","/ASIM-1885-6""-S8811951-91261M7-HC-01/B7/PIPE AUTO /ASIM-1885-6""-S8811951-91261M7-HC-01/B7 2","PIPE","missing","","","lineNo|pipingClass|fluidDensityOpeKgM3","","diag-ASIM-1885-6--S8811951-91261M7-HC-01-B7-PIPE-AUTO-ASIM-1885-6--S8811951-91261M7-HC-01-B7-2-lineNo|diag-ASIM-1885-6--S8811951-91261M7-HC-01-B7-PIPE-AUTO-ASIM-1885-6--S8811951-91261M7-HC-01-B7-2-pipingClass|diag-ASIM-1885-6--S8811951-91261M7-HC-01-B7-PIPE-AUTO-ASIM-1885-6--S8811951-91261M7-HC-01-B7-2-fluidDensityOpeKgM3"
"/ASIM-1885-6""-S8811951-91261M7-HC-01/B7/OLET =1006649732/51351","/ASIM-1885-6""-S8811951-91261M7-HC-01/B7/OLET =1006649732/51351","OLET","missing","","","lineNo|pipingClass","","diag-ASIM-1885-6--S8811951-91261M7-HC-01-B7-OLET-1006649732-51351-lineNo|diag-ASIM-1885-6--S8811951-91261M7-HC-01-B7-OLET-1006649732-51351-pipingClass"
"/ASIM-1885-6""-S8811951-91261M7-HC-01/B7/PIPE AUTO /ASIM-1885-6""-S8811951-91261M7-HC-01/B7 3","/ASIM-1885-6""-S8811951-91261M7-HC-01/B7/PIPE AUTO /ASIM-1885-6""-S8811951-91261M7-HC-01/B7 3","PIPE","missing","","","lineNo|pipingClass|fluidDensityOpeKgM3","","diag-ASIM-1885-6--S8811951-91261M7-HC-01-B7-PIPE-AUTO-ASIM-1885-6--S8811951-91261M7-HC-01-B7-3-lineNo|diag-ASIM-1885-6--S8811951-91261M7-HC-01-B7-PIPE-AUTO-ASIM-1885-6--S8811951-91261M7-HC-01-B7-3-pipingClass|diag-ASIM-1885-6--S8811951-91261M7-HC-01-B7-PIPE-AUTO-ASIM-1885-6--S8811951-91261M7-HC-01-B7-3-fluidDensityOpeKgM3"
"/ASIM-1885-6""-S8811951-91261M7-HC-01/B7/OLET =1006649732/51352","/ASIM-1885-6""-S8811951-91261M7-HC-01/B7/OLET =1006649732/51352","OLET","missing","","","lineNo|pipingClass","","diag-ASIM-1885-6--S8811951-91261M7-HC-01-B7-OLET-1006649732-51352-lineNo|diag-ASIM-1885-6--S8811951-91261M7-HC-01-B7-OLET-1006649732-51352-pipingClass"
"/ASIM-1885-6""-S8811951-91261M7-HC-01/B7/PIPE AUTO /ASIM-1885-6""-S8811951-91261M7-HC-01/B7 4","/ASIM-1885-6""-S8811951-91261M7-HC-01/B7/PIPE AUTO /ASIM-1885-6""-S8811951-91261M7-HC-01/B7 4","PIPE","missing","","","lineNo|pipingClass|fluidDensityOpeKgM3","","diag-ASIM-1885-6--S8811951-91261M7-HC-01-B7-PIPE-AUTO-ASIM-1885-6--S8811951-91261M7-HC-01-B7-4-lineNo|diag-ASIM-1885-6--S8811951-91261M7-HC-01-B7-PIPE-AUTO-ASIM-1885-6--S8811951-91261M7-HC-01-B7-4-pipingClass|diag-ASIM-1885-6--S8811951-91261M7-HC-01-B7-PIPE-AUTO-ASIM-1885-6--S8811951-91261M7-HC-01-B7-4-fluidDensityOpeKgM3"
"/ASIM-1885-6""-S8811951-91261M7-HC-01/B7/ELBO =1006649732/51356","/ASIM-1885-6""-S8811951-91261M7-HC-01/B7/ELBO =1006649732/51356","ELBO","missing","","","lineNo|pipingClass|fluidDensityOpeKgM3","","diag-ASIM-1885-6--S8811951-91261M7-HC-01-B7-ELBO-1006649732-51356-lineNo|diag-ASIM-1885-6--S8811951-91261M7-HC-01-B7-ELBO-1006649732-51356-pipingClass|diag-ASIM-1885-6--S8811951-91261M7-HC-01-B7-ELBO-1006649732-51356-fluidDensityOpeKgM3"
"/ASIM-1885-6""-S8811951-91261M7-HC-01/B7/PIPE AUTO /ASIM-1885-6""-S8811951-91261M7-HC-01/B7 5","/ASIM-1885-6""-S8811951-91261M7-HC-01/B7/PIPE AUTO /ASIM-1885-6""-S8811951-91261M7-HC-01/B7 5","PIPE","missing","","","lineNo|pipingClass|fluidDensityOpeKgM3","","diag-ASIM-1885-6--S8811951-91261M7-HC-01-B7-PIPE-AUTO-ASIM-1885-6--S8811951-91261M7-HC-01-B7-5-lineNo|diag-ASIM-1885-6--S8811951-91261M7-HC-01-B7-PIPE-AUTO-ASIM-1885-6--S8811951-91261M7-HC-01-B7-5-pipingClass|diag-ASIM-1885-6--S8811951-91261M7-HC-01-B7-PIPE-AUTO-ASIM-1885-6--S8811951-91261M7-HC-01-B7-5-fluidDensityOpeKgM3"
"/ASIM-1885-6""-S8811951-91261M7-HC-01/B7/ELBO =1006649732/51366","/ASIM-1885-6""-S8811951-91261M7-HC-01/B7/ELBO =1006649732/51366","ELBO","missing","","","lineNo|pipingClass|fluidDensityOpeKgM3","","diag-ASIM-1885-6--S8811951-91261M7-HC-01-B7-ELBO-1006649732-51366-lineNo|diag-ASIM-1885-6--S8811951-91261M7-HC-01-B7-ELBO-1006649732-51366-pipingClass|diag-ASIM-1885-6--S8811951-91261M7-HC-01-B7-ELBO-1006649732-51366-fluidDensityOpeKgM3"
"/ASIM-1885-6""-S8811951-91261M7-HC-01/B7/PIPE AUTO /ASIM-1885-6""-S8811951-91261M7-HC-01/B7 6","/ASIM-1885-6""-S8811951-91261M7-HC-01/B7/PIPE AUTO /ASIM-1885-6""-S8811951-91261M7-HC-01/B7 6","PIPE","missing","","","lineNo|pipingClass|fluidDensityOpeKgM3","","diag-ASIM-1885-6--S8811951-91261M7-HC-01-B7-PIPE-AUTO-ASIM-1885-6--S8811951-91261M7-HC-01-B7-6-lineNo|diag-ASIM-1885-6--S8811951-91261M7-HC-01-B7-PIPE-AUTO-ASIM-1885-6--S8811951-91261M7-HC-01-B7-6-pipingClass|diag-ASIM-1885-6--S8811951-91261M7-HC-01-B7-PIPE-AUTO-ASIM-1885-6--S8811951-91261M7-HC-01-B7-6-fluidDensityOpeKgM3"
"/ASIM-1885-6""-S8811951-91261M7-HC-01/B7/FLAN =1006649732/51379","/ASIM-1885-6""-S8811951-91261M7-HC-01/B7/FLAN =1006649732/51379","FLAN","missing","","","lineNo|pipingClass","","diag-ASIM-1885-6--S8811951-91261M7-HC-01-B7-FLAN-1006649732-51379-lineNo|diag-ASIM-1885-6--S8811951-91261M7-HC-01-B7-FLAN-1006649732-51379-pipingClass"
"/ASIM-1885-6""-S8811951-91261M7-HC-01/B7/GASK =1006649732/51380","/ASIM-1885-6""-S8811951-91261M7-HC-01/B7/GASK =1006649732/51380","GASK","missing","","","lineNo|pipingClass","","diag-ASIM-1885-6--S8811951-91261M7-HC-01-B7-GASK-1006649732-51380-lineNo|diag-ASIM-1885-6--S8811951-91261M7-HC-01-B7-GASK-1006649732-51380-pipingClass"
"/ASIM-1885-6""-S8810112-91261M7-HC-01/B6","/ASIM-1885-6""-S8810112-91261M7-HC-01/B6","BRANCH","missing","","","lineNo|pipingClass","","diag-ASIM-1885-6--S8810112-91261M7-HC-01-B6-lineNo|diag-ASIM-1885-6--S8810112-91261M7-HC-01-B6-pipingClass"
"/ASIM-1885-6""-S8810112-91261M7-HC-01/B6/PIPE AUTO /ASIM-1885-6""-S8810112-91261M7-HC-01/B6 HEAD","/ASIM-1885-6""-S8810112-91261M7-HC-01/B6/PIPE AUTO /ASIM-1885-6""-S8810112-91261M7-HC-01/B6 HEAD","PIPE","missing","","","lineNo|pipingClass|fluidDensityOpeKgM3","","diag-ASIM-1885-6--S8810112-91261M7-HC-01-B6-PIPE-AUTO-ASIM-1885-6--S8810112-91261M7-HC-01-B6-HEAD-lineNo|diag-ASIM-1885-6--S8810112-91261M7-HC-01-B6-PIPE-AUTO-ASIM-1885-6--S8810112-91261M7-HC-01-B6-HEAD-pipingClass|diag-ASIM-1885-6--S8810112-91261M7-HC-01-B6-PIPE-AUTO-ASIM-1885-6--S8810112-91261M7-HC-01-B6-HEAD-fluidDensityOpeKgM3"
"/ASIM-1885-6""-S8810112-91261M7-HC-01/B6/ELBO =1006657924/39695","/ASIM-1885-6""-S8810112-91261M7-HC-01/B6/ELBO =1006657924/39695","ELBO","missing","","","lineNo|pipingClass|fluidDensityOpeKgM3","","diag-ASIM-1885-6--S8810112-91261M7-HC-01-B6-ELBO-1006657924-39695-lineNo|diag-ASIM-1885-6--S8810112-91261M7-HC-01-B6-ELBO-1006657924-39695-pipingClass|diag-ASIM-1885-6--S8810112-91261M7-HC-01-B6-ELBO-1006657924-39695-fluidDensityOpeKgM3"
"/ASIM-1885-6""-S8810112-91261M7-HC-01/B6/PIPE AUTO /ASIM-1885-6""-S8810112-91261M7-HC-01/B6 1","/ASIM-1885-6""-S8810112-91261M7-HC-01/B6/PIPE AUTO /ASIM-1885-6""-S8810112-91261M7-HC-01/B6 1","PIPE","missing","","","lineNo|pipingClass|fluidDensityOpeKgM3","","diag-ASIM-1885-6--S8810112-91261M7-HC-01-B6-PIPE-AUTO-ASIM-1885-6--S8810112-91261M7-HC-01-B6-1-lineNo|diag-ASIM-1885-6--S8810112-91261M7-HC-01-B6-PIPE-AUTO-ASIM-1885-6--S8810112-91261M7-HC-01-B6-1-pipingClass|diag-ASIM-1885-6--S8810112-91261M7-HC-01-B6-PIPE-AUTO-ASIM-1885-6--S8810112-91261M7-HC-01-B6-1-fluidDensityOpeKgM3"
"/ASIM-1885-6""-S8810112-91261M7-HC-01/B6/FLAN =1006657924/39581","/ASIM-1885-6""-S8810112-91261M7-HC-01/B6/FLAN =1006657924/39581","FLAN","missing","","","lineNo|pipingClass","","diag-ASIM-1885-6--S8810112-91261M7-HC-01-B6-FLAN-1006657924-39581-lineNo|diag-ASIM-1885-6--S8810112-91261M7-HC-01-B6-FLAN-1006657924-39581-pipingClass"
"/ASIM-1885-6""-S8810112-91261M7-HC-01/B6/GASK =1006657924/39582","/ASIM-1885-6""-S8810112-91261M7-HC-01/B6/GASK =1006657924/39582","GASK","missing","","","lineNo|pipingClass","","diag-ASIM-1885-6--S8810112-91261M7-HC-01-B6-GASK-1006657924-39582-lineNo|diag-ASIM-1885-6--S8810112-91261M7-HC-01-B6-GASK-1006657924-39582-pipingClass"
"/ASIM-1885-6""-S8810111-91261M7-HC-01/B1","/ASIM-1885-6""-S8810111-91261M7-HC-01/B1","BRANCH","missing","","","lineNo|pipingClass","","diag-ASIM-1885-6--S8810111-91261M7-HC-01-B1-lineNo|diag-ASIM-1885-6--S8810111-91261M7-HC-01-B1-pipingClass"
"/ASIM-1885-6""-S8810111-91261M7-HC-01/B1/PIPE AUTO /ASIM-1885-6""-S8810111-91261M7-HC-01/B1 HEAD","/ASIM-1885-6""-S8810111-91261M7-HC-01/B1/PIPE AUTO /ASIM-1885-6""-S8810111-91261M7-HC-01/B1 HEAD","PIPE","missing","","","lineNo|pipingClass|fluidDensityOpeKgM3","","diag-ASIM-1885-6--S8810111-91261M7-HC-01-B1-PIPE-AUTO-ASIM-1885-6--S8810111-91261M7-HC-01-B1-HEAD-lineNo|diag-ASIM-1885-6--S8810111-91261M7-HC-01-B1-PIPE-AUTO-ASIM-1885-6--S8810111-91261M7-HC-01-B1-HEAD-pipingClass|diag-ASIM-1885-6--S8810111-91261M7-HC-01-B1-PIPE-AUTO-ASIM-1885-6--S8810111-91261M7-HC-01-B1-HEAD-fluidDensityOpeKgM3"
"/ASIM-1885-6""-S8810111-91261M7-HC-01/B1/ELBO =1006657924/39632","/ASIM-1885-6""-S8810111-91261M7-HC-01/B1/ELBO =1006657924/39632","ELBO","missing","","","lineNo|pipingClass|fluidDensityOpeKgM3","","diag-ASIM-1885-6--S8810111-91261M7-HC-01-B1-ELBO-1006657924-39632-lineNo|diag-ASIM-1885-6--S8810111-91261M7-HC-01-B1-ELBO-1006657924-39632-pipingClass|diag-ASIM-1885-6--S8810111-91261M7-HC-01-B1-ELBO-1006657924-39632-fluidDensityOpeKgM3"
"/ASIM-1885-6""-S8810111-91261M7-HC-01/B1/PIPE AUTO /ASIM-1885-6""-S8810111-91261M7-HC-01/B1 1","/ASIM-1885-6""-S8810111-91261M7-HC-01/B1/PIPE AUTO /ASIM-1885-6""-S8810111-91261M7-HC-01/B1 1","PIPE","missing","","","lineNo|pipingClass|fluidDensityOpeKgM3","","diag-ASIM-1885-6--S8810111-91261M7-HC-01-B1-PIPE-AUTO-ASIM-1885-6--S8810111-91261M7-HC-01-B1-1-lineNo|diag-ASIM-1885-6--S8810111-91261M7-HC-01-B1-PIPE-AUTO-ASIM-1885-6--S8810111-91261M7-HC-01-B1-1-pipingClass|diag-ASIM-1885-6--S8810111-91261M7-HC-01-B1-PIPE-AUTO-ASIM-1885-6--S8810111-91261M7-HC-01-B1-1-fluidDensityOpeKgM3"
"/ASIM-1885-6""-S8810111-91261M7-HC-01/B1/ELBO =1006657924/39631","/ASIM-1885-6""-S8810111-91261M7-HC-01/B1/ELBO =1006657924/39631","ELBO","missing","","","lineNo|pipingClass|fluidDensityOpeKgM3","","diag-ASIM-1885-6--S8810111-91261M7-HC-01-B1-ELBO-1006657924-39631-lineNo|diag-ASIM-1885-6--S8810111-91261M7-HC-01-B1-ELBO-1006657924-39631-pipingClass|diag-ASIM-1885-6--S8810111-91261M7-HC-01-B1-ELBO-1006657924-39631-fluidDensityOpeKgM3"
"/ASIM-1885-6""-S8810111-91261M7-HC-01/B1/PIPE AUTO /ASIM-1885-6""-S8810111-91261M7-HC-01/B1 2","/ASIM-1885-6""-S8810111-91261M7-HC-01/B1/PIPE AUTO /ASIM-1885-6""-S8810111-91261M7-HC-01/B1 2","PIPE","missing","","","lineNo|pipingClass|fluidDensityOpeKgM3","","diag-ASIM-1885-6--S8810111-91261M7-HC-01-B1-PIPE-AUTO-ASIM-1885-6--S8810111-91261M7-HC-01-B1-2-lineNo|diag-ASIM-1885-6--S8810111-91261M7-HC-01-B1-PIPE-AUTO-ASIM-1885-6--S8810111-91261M7-HC-01-B1-2-pipingClass|diag-ASIM-1885-6--S8810111-91261M7-HC-01-B1-PIPE-AUTO-ASIM-1885-6--S8810111-91261M7-HC-01-B1-2-fluidDensityOpeKgM3"
"/ASIM-1885-6""-S8810111-91261M7-HC-01/B1/ELBO =1006649732/51415","/ASIM-1885-6""-S8810111-91261M7-HC-01/B1/ELBO =1006649732/51415","ELBO","missing","","","lineNo|pipingClass|fluidDensityOpeKgM3","","diag-ASIM-1885-6--S8810111-91261M7-HC-01-B1-ELBO-1006649732-51415-lineNo|diag-ASIM-1885-6--S8810111-91261M7-HC-01-B1-ELBO-1006649732-51415-pipingClass|diag-ASIM-1885-6--S8810111-91261M7-HC-01-B1-ELBO-1006649732-51415-fluidDensityOpeKgM3"
"/ASIM-1885-6""-S8810111-91261M7-HC-01/B1/PIPE AUTO /ASIM-1885-6""-S8810111-91261M7-HC-01/B1 3","/ASIM-1885-6""-S8810111-91261M7-HC-01/B1/PIPE AUTO /ASIM-1885-6""-S8810111-91261M7-HC-01/B1 3","PIPE","missing","","","lineNo|pipingClass|fluidDensityOpeKgM3","","diag-ASIM-1885-6--S8810111-91261M7-HC-01-B1-PIPE-AUTO-ASIM-1885-6--S8810111-91261M7-HC-01-B1-3-lineNo|diag-ASIM-1885-6--S8810111-91261M7-HC-01-B1-PIPE-AUTO-ASIM-1885-6--S8810111-91261M7-HC-01-B1-3-pipingClass|diag-ASIM-1885-6--S8810111-91261M7-HC-01-B1-PIPE-AUTO-ASIM-1885-6--S8810111-91261M7-HC-01-B1-3-fluidDensityOpeKgM3"
"/ASIM-1885-6""-S8810111-91261M7-HC-01/B1/ELBO =1006690692/2","/ASIM-1885-6""-S8810111-91261M7-HC-01/B1/ELBO =1006690692/2","ELBO","missing","","","lineNo|pipingClass|fluidDensityOpeKgM3","","diag-ASIM-1885-6--S8810111-91261M7-HC-01-B1-ELBO-1006690692-2-lineNo|diag-ASIM-1885-6--S8810111-91261M7-HC-01-B1-ELBO-1006690692-2-pipingClass|diag-ASIM-1885-6--S8810111-91261M7-HC-01-B1-ELBO-1006690692-2-fluidDensityOpeKgM3"
"/ASIM-1885-6""-S8810111-91261M7-HC-01/B1/PIPE AUTO /ASIM-1885-6""-S8810111-91261M7-HC-01/B1 TAIL","/ASIM-1885-6""-S8810111-91261M7-HC-01/B1/PIPE AUTO /ASIM-1885-6""-S8810111-91261M7-HC-01/B1 TAIL","PIPE","missing","","","lineNo|pipingClass|fluidDensityOpeKgM3","","diag-ASIM-1885-6--S8810111-91261M7-HC-01-B1-PIPE-AUTO-ASIM-1885-6--S8810111-91261M7-HC-01-B1-TAIL-lineNo|diag-ASIM-1885-6--S8810111-91261M7-HC-01-B1-PIPE-AUTO-ASIM-1885-6--S8810111-91261M7-HC-01-B1-TAIL-pipingClass|diag-ASIM-1885-6--S8810111-91261M7-HC-01-B1-PIPE-AUTO-ASIM-1885-6--S8810111-91261M7-HC-01-B1-TAIL-fluidDensityOpeKgM3"
"/ASIM-1885-6""-S8810111-91261M7-HC-01/B2","/ASIM-1885-6""-S8810111-91261M7-HC-01/B2","BRANCH","missing","","","lineNo|pipingClass","","diag-ASIM-1885-6--S8810111-91261M7-HC-01-B2-lineNo|diag-ASIM-1885-6--S8810111-91261M7-HC-01-B2-pipingClass"
"/ASIM-1885-6""-S8810111-91261M7-HC-01/B2/TEE =1006690692/1","/ASIM-1885-6""-S8810111-91261M7-HC-01/B2/TEE =1006690692/1","TEE","missing","","","lineNo|pipingClass","","diag-ASIM-1885-6--S8810111-91261M7-HC-01-B2-TEE-1006690692-1-lineNo|diag-ASIM-1885-6--S8810111-91261M7-HC-01-B2-TEE-1006690692-1-pipingClass"
"/ASIM-1885-6""-S8810111-91261M7-HC-01/B2/PIPE AUTO /ASIM-1885-6""-S8810111-91261M7-HC-01/B2 1","/ASIM-1885-6""-S8810111-91261M7-HC-01/B2/PIPE AUTO /ASIM-1885-6""-S8810111-91261M7-HC-01/B2 1","PIPE","missing","","","lineNo|pipingClass|fluidDensityOpeKgM3","","diag-ASIM-1885-6--S8810111-91261M7-HC-01-B2-PIPE-AUTO-ASIM-1885-6--S8810111-91261M7-HC-01-B2-1-lineNo|diag-ASIM-1885-6--S8810111-91261M7-HC-01-B2-PIPE-AUTO-ASIM-1885-6--S8810111-91261M7-HC-01-B2-1-pipingClass|diag-ASIM-1885-6--S8810111-91261M7-HC-01-B2-PIPE-AUTO-ASIM-1885-6--S8810111-91261M7-HC-01-B2-1-fluidDensityOpeKgM3"
"/ASIM-1885-6""-S8810111-91261M7-HC-01/B2/ELBO =1006649732/51207","/ASIM-1885-6""-S8810111-91261M7-HC-01/B2/ELBO =1006649732/51207","ELBO","missing","","","lineNo|pipingClass|fluidDensityOpeKgM3","","diag-ASIM-1885-6--S8810111-91261M7-HC-01-B2-ELBO-1006649732-51207-lineNo|diag-ASIM-1885-6--S8810111-91261M7-HC-01-B2-ELBO-1006649732-51207-pipingClass|diag-ASIM-1885-6--S8810111-91261M7-HC-01-B2-ELBO-1006649732-51207-fluidDensityOpeKgM3"
"/ASIM-1885-6""-S8810111-91261M7-HC-01/B2/PIPE AUTO /ASIM-1885-6""-S8810111-91261M7-HC-01/B2 2","/ASIM-1885-6""-S8810111-91261M7-HC-01/B2/PIPE AUTO /ASIM-1885-6""-S8810111-91261M7-HC-01/B2 2","PIPE","missing","","","lineNo|pipingClass|fluidDensityOpeKgM3","","diag-ASIM-1885-6--S8810111-91261M7-HC-01-B2-PIPE-AUTO-ASIM-1885-6--S8810111-91261M7-HC-01-B2-2-lineNo|diag-ASIM-1885-6--S8810111-91261M7-HC-01-B2-PIPE-AUTO-ASIM-1885-6--S8810111-91261M7-HC-01-B2-2-pipingClass|diag-ASIM-1885-6--S8810111-91261M7-HC-01-B2-PIPE-AUTO-ASIM-1885-6--S8810111-91261M7-HC-01-B2-2-fluidDensityOpeKgM3"
"/ASIM-1885-6""-S8810111-91261M7-HC-01/B2/ELBO =1006649732/51208","/ASIM-1885-6""-S8810111-91261M7-HC-01/B2/ELBO =1006649732/51208","ELBO","missing","","","lineNo|pipingClass|fluidDensityOpeKgM3","","diag-ASIM-1885-6--S8810111-91261M7-HC-01-B2-ELBO-1006649732-51208-lineNo|diag-ASIM-1885-6--S8810111-91261M7-HC-01-B2-ELBO-1006649732-51208-pipingClass|diag-ASIM-1885-6--S8810111-91261M7-HC-01-B2-ELBO-1006649732-51208-fluidDensityOpeKgM3"
"/ASIM-1885-6""-S8810111-91261M7-HC-01/B2/PIPE AUTO /ASIM-1885-6""-S8810111-91261M7-HC-01/B2 3","/ASIM-1885-6""-S8810111-91261M7-HC-01/B2/PIPE AUTO /ASIM-1885-6""-S8810111-91261M7-HC-01/B2 3","PIPE","missing","","","lineNo|pipingClass|fluidDensityOpeKgM3","","diag-ASIM-1885-6--S8810111-91261M7-HC-01-B2-PIPE-AUTO-ASIM-1885-6--S8810111-91261M7-HC-01-B2-3-lineNo|diag-ASIM-1885-6--S8810111-91261M7-HC-01-B2-PIPE-AUTO-ASIM-1885-6--S8810111-91261M7-HC-01-B2-3-pipingClass|diag-ASIM-1885-6--S8810111-91261M7-HC-01-B2-PIPE-AUTO-ASIM-1885-6--S8810111-91261M7-HC-01-B2-3-fluidDensityOpeKgM3"
"/ASIM-1885-6""-S8810111-91261M7-HC-01/B2/ELBO =1006649732/51226","/ASIM-1885-6""-S8810111-91261M7-HC-01/B2/ELBO =1006649732/51226","ELBO","missing","","","lineNo|pipingClass|fluidDensityOpeKgM3","","diag-ASIM-1885-6--S8810111-91261M7-HC-01-B2-ELBO-1006649732-51226-lineNo|diag-ASIM-1885-6--S8810111-91261M7-HC-01-B2-ELBO-1006649732-51226-pipingClass|diag-ASIM-1885-6--S8810111-91261M7-HC-01-B2-ELBO-1006649732-51226-fluidDensityOpeKgM3"
